Hugo_Symbol	gene_id	driver_gene	driver_role	CGC_TIER	mut_driver	lung_mut_driver	mut_driver_source	CN_driver	lung_CN_driver	CNA_type	CN_driver_source	chr_hg38	start_hg38	end_hg38	cyto_hg38	strand_hg38	chr_hg19	start_hg19	end_hg19	cyto_hg19	SYNONYMS
TP53	ENSG00000141510	TRUE	tumor_suppressor	1	TRUE	TRUE	CGC_v104	FALSE	FALSE	NA	NA	chr17	7577000	7577990	17q00.0	+	chr17	7577000	7577990	17q00.0	NA
KRAS	ENSG00000133703	TRUE	oncogene	1	TRUE	TRUE	CGC_v104	TRUE	FALSE	amp	CGC_v104	chr12	25398000	25398990	12q00.0	+	chr12	25398000	25398990	12q00.0	NA
PDCD11	ENSG00000148843	FALSE	NA	NA	FALSE	FALSE	NA	FALSE	FALSE	NA	NA	chr10	105200000	105200990	10q00.0	+	chr10	105200000	105200990	10q00.0	NA
GSTO2	ENSG00000065621	FALSE	NA	NA	FALSE	FALSE	NA	FALSE	FALSE	NA	NA	chr10	106039000	106039990	10q00.0	+	chr10	106039000	106039990	10q00.0	NA
ARHGAP19	ENSG00000213390	FALSE	NA	NA	FALSE	FALSE	NA	FALSE	FALSE	NA	NA	chr10	99003000	99003990	10q00.0	+	chr10	99003000	99003990	10q00.0	NA
EGFR	ENSG00000146648	TRUE	oncogene	1	TRUE	TRUE	CGC_v104	TRUE	TRUE	amp	CGC_v104	chr7	55086000	55086990	7q00.0	+	chr7	55086000	55086990	7q00.0	NA
MYC	ENSG00000136997	TRUE	oncogene	1	TRUE	FALSE	CGC_v104	TRUE	TRUE	amp	CGC_v104	chr8	128748000	128748990	8q00.0	+	chr8	128748000	128748990	8q00.0	NA
POLR2A	ENSG00000181222	FALSE	NA	NA	FALSE	FALSE	NA	FALSE	FALSE	NA	NA	chr17	7389000	7389990	17q00.0	+	chr17	7389000	7389990	17q00.0	NA
RPL5	ENSG00000122406	FALSE	NA	NA	FALSE	FALSE	NA	FALSE	FALSE	NA	NA	chr1	93297000	93297990	1q00.0	+	chr1	93297000	93297990	1q00.0	NA
EIF3A	ENSG00000107581	FALSE	NA	NA	FALSE	FALSE	NA	FALSE	FALSE	NA	NA	chr10	120790000	120790990	10q00.0	+	chr10	120790000	120790990	10q00.0	NA
RPS3	ENSG00000149273	FALSE	NA	NA	FALSE	FALSE	NA	FALSE	FALSE	NA	NA	chr11	75111000	75111990	11q00.0	+	chr11	75111000	75111990	11q00.0	NA
MRPS2	ENSG00000122140	FALSE	NA	NA	FALSE	FALSE	NA	FALSE	FALSE	NA	NA	chr9	139036000	139036990	9q00.0	+	chr9	139036000	139036990	9q00.0	NA
HSPE1	ENSG00000115541	FALSE	NA	NA	FALSE	FALSE	NA	FALSE	FALSE	NA	NA	chr2	198365000	198365990	2q00.0	+	chr2	198365000	198365990	2q00.0	NA
SNRPD1	ENSG00000167088	FALSE	NA	NA	FALSE	FALSE	NA	FALSE	FALSE	NA	NA	chr18	19195000	19195990	18q00.0	+	chr18	19195000	19195990	18q00.0	NA
PSMA1	ENSG00000129084	FALSE	NA	NA	FALSE	FALSE	NA	FALSE	FALSE	NA	NA	chr11	14528000	14528990	11q00.0	+	chr11	14528000	14528990	11q00.0	NA
