patient_id	patient_tumour	chr	start	stop	ref	var	pos	gene	alpha_missense	am_class
LTX0006	LTX0006_tumour1	7	55086933	55086933	C	G	55086933	EGFR	0.8549	Likely pathogenic
LTX0006	LTX0006_tumour1	10	99003471	99003471	C	G	99003471	ARHGAP19	0.0994	Likely benign
LTX0006	LTX0006_tumour1	9	139036157	139036157	C	T	139036157	MRPS2	NA	not_classified
LTX0006	LTX0006_tumour1	17	7577804	7577804	C	C	7577804	TP53	NA	not_classified
LTX0006	LTX0006_tumour1	10	120790990	120790990	C	G	120790990	EIF3A	0.038	Likely benign
LTX0006	LTX0006_tumour1	9	139036253	139036253	C	G	139036253	MRPS2	0.2748	Likely benign
LTX0006	LTX0006_tumour1	17	7577840	7577840	C	G	7577840	TP53	0.6709	Likely pathogenic
LTX0006	LTX0006_tumour1	17	7577169	7577169	C	T	7577169	TP53	NA	not_classified
LTX0006	LTX0006_tumour1	7	55086667	55086667	C	G	55086667	EGFR	0.7314	Likely pathogenic
LTX0006	LTX0006_tumour1	7	55086182	55086182	C	C	55086182	EGFR	NA	not_classified
LTX0006	LTX0006_tumour1	17	7389861	7389861	C	G	7389861	POLR2A	0.2062	Likely benign
LTX0006	LTX0006_tumour1	17	7389316	7389316	C	G	7389316	POLR2A	0.2478	Likely benign
LTX0006	LTX0006_tumour1	10	120790907	120790907	C	G	120790907	EIF3A	0.027	Likely benign
LTX0006	LTX0006_tumour1	8	128748810	128748810	C	G	128748810	MYC	0.2601	Likely benign
